-- Complete seed data for Farrin application
-- Insert continents first
INSERT INTO continents (id, name) VALUES
(1, 'North America'),
(2, 'South America'),
(3, 'Europe'),
(4, 'Asia'),
(5, 'Africa'),
(6, 'Oceania');

-- Insert countries
INSERT INTO countries (id, name, country_code, continent_id) VALUES
(1, 'United States', 'USA', 1),
(2, 'Canada', 'CAN', 1),
(3, 'Mexico', 'MEX', 1),
(4, 'Guatemala', 'GTM', 1),
(5, 'Belize', 'BLZ', 1),
(6, 'El Salvador', 'SLV', 1),
(7, 'Honduras', 'HND', 1),
(8, 'Nicaragua', 'NIC', 1),
(9, 'Costa Rica', 'CRI', 1),
(10, 'Panama', 'PAN', 1),
(11, 'Cuba', 'CUB', 1),
(12, 'Jamaica', 'JMD', 1),
(13, 'Haiti', 'HTI', 1),
(14, 'Dominican Republic', 'DOM', 1),
(15, 'Bahamas', 'BHS', 1),
(16, 'Barbados', 'BRB', 1),
(17, 'Trinidad and Tobago', 'TTO', 1),
(18, 'Brazil', 'BRA', 2),
(19, 'Argentina', 'ARG', 2),
(20, 'Chile', 'CHL', 2),
(21, 'Peru', 'PER', 2),
(22, 'Colombia', 'COL', 2),
(23, 'Venezuela', 'VEN', 2),
(24, 'Ecuador', 'ECU', 2),
(25, 'Bolivia', 'BOL', 2),
(26, 'Paraguay', 'PRY', 2),
(27, 'Uruguay', 'URY', 2),
(28, 'Guyana', 'GUY', 2),
(29, 'Suriname', 'SUR', 2),
(30, 'United Kingdom', 'GBR', 3),
(31, 'France', 'FRA', 3),
(32, 'Germany', 'DEU', 3),
(33, 'Italy', 'ITA', 3),
(34, 'Spain', 'ESP', 3),
(35, 'Portugal', 'PRT', 3),
(36, 'Netherlands', 'NLD', 3),
(37, 'Belgium', 'BEL', 3),
(38, 'Switzerland', 'CHE', 3),
(39, 'Austria', 'AUT', 3),
(40, 'Greece', 'GRC', 3),
(41, 'Poland', 'POL', 3),
(42, 'Czech Republic', 'CZE', 3),
(43, 'Hungary', 'HUN', 3),
(44, 'Romania', 'ROU', 3),
(45, 'Bulgaria', 'BGR', 3),
(46, 'Croatia', 'HRV', 3),
(47, 'Serbia', 'SRB', 3),
(48, 'Slovenia', 'SVN', 3),
(49, 'Slovakia', 'SVK', 3),
(50, 'Denmark', 'DNK', 3),
(51, 'Sweden', 'SWE', 3),
(52, 'Norway', 'NOR', 3),
(53, 'Finland', 'FIN', 3),
(54, 'Iceland', 'ISL', 3),
(55, 'Ireland', 'IRL', 3),
(56, 'Russia', 'RUS', 3),
(57, 'Ukraine', 'UKR', 3),
(58, 'Belarus', 'BLR', 3),
(59, 'Lithuania', 'LTU', 3),
(60, 'Latvia', 'LVA', 3),
(61, 'Estonia', 'EST', 3),
(62, 'China', 'CHN', 4),
(63, 'India', 'IND', 4),
(64, 'Japan', 'JPN', 4),
(65, 'South Korea', 'KOR', 4),
(66, 'Indonesia', 'IDN', 4),
(67, 'Philippines', 'PHL', 4),
(68, 'Vietnam', 'VNM', 4),
(69, 'Thailand', 'THA', 4),
(70, 'Malaysia', 'MYS', 4),
(71, 'Singapore', 'SGP', 4),
(72, 'Myanmar', 'MMR', 4),
(73, 'Cambodia', 'KHM', 4),
(74, 'Laos', 'LAO', 4),
(75, 'Bangladesh', 'BGD', 4),
(76, 'Pakistan', 'PAK', 4),
(77, 'Afghanistan', 'AFG', 4),
(78, 'Iran', 'IRN', 4),
(79, 'Iraq', 'IRQ', 4),
(80, 'Turkey', 'TUR', 4),
(81, 'Saudi Arabia', 'SAU', 4),
(82, 'Israel', 'ISR', 4),
(83, 'Jordan', 'JOR', 4),
(84, 'Lebanon', 'LBN', 4),
(85, 'Syria', 'SYR', 4),
(86, 'Kuwait', 'KWT', 4),
(87, 'Qatar', 'QAT', 4),
(88, 'United Arab Emirates', 'ARE', 4),
(89, 'Oman', 'OMN', 4),
(90, 'Yemen', 'YEM', 4),
(91, 'Kazakhstan', 'KAZ', 4),
(92, 'Uzbekistan', 'UZB', 4),
(93, 'Turkmenistan', 'TKM', 4),
(94, 'Kyrgyzstan', 'KGZ', 4),
(95, 'Tajikistan', 'TJK', 4),
(96, 'Mongolia', 'MNG', 4),
(97, 'Nepal', 'NPL', 4),
(98, 'Bhutan', 'BTN', 4),
(99, 'Sri Lanka', 'LKA', 4),
(100, 'Maldives', 'MDV', 4),
(101, 'Nigeria', 'NGA', 5),
(102, 'Ethiopia', 'ETH', 5),
(103, 'Egypt', 'EGY', 5),
(104, 'South Africa', 'ZAF', 5),
(105, 'Kenya', 'KEN', 5),
(106, 'Uganda', 'UGA', 5),
(107, 'Algeria', 'DZA', 5),
(108, 'Sudan', 'SDN', 5),
(109, 'Morocco', 'MAR', 5),
(110, 'Angola', 'AGO', 5),
(111, 'Ghana', 'GHA', 5),
(112, 'Mozambique', 'MOZ', 5),
(113, 'Madagascar', 'MDG', 5),
(114, 'Cameroon', 'CMR', 5),
(115, 'Ivory Coast', 'CIV', 5),
(116, 'Niger', 'NER', 5),
(117, 'Burkina Faso', 'BFA', 5),
(118, 'Mali', 'MLI', 5),
(119, 'Malawi', 'MWI', 5),
(120, 'Zambia', 'ZMB', 5),
(121, 'Senegal', 'SEN', 5),
(122, 'Somalia', 'SOM', 5),
(123, 'Chad', 'TCD', 5),
(124, 'Zimbabwe', 'ZWE', 5),
(125, 'Guinea', 'GIN', 5),
(126, 'Rwanda', 'RWA', 5),
(127, 'Benin', 'BEN', 5),
(128, 'Tunisia', 'TUN', 5),
(129, 'Burundi', 'BDI', 5),
(130, 'South Sudan', 'SSD', 5),
(131, 'Togo', 'TGO', 5),
(132, 'Sierra Leone', 'SLE', 5),
(133, 'Libya', 'LBY', 5),
(134, 'Liberia', 'LBR', 5),
(135, 'Central African Republic', 'CAF', 5),
(136, 'Mauritania', 'MRT', 5),
(137, 'Eritrea', 'ERI', 5),
(138, 'Gambia', 'GMB', 5),
(139, 'Botswana', 'BWA', 5),
(140, 'Namibia', 'NAM', 5),
(141, 'Gabon', 'GAB', 5),
(142, 'Lesotho', 'LSO', 5),
(143, 'Guinea-Bissau', 'GNB', 5),
(144, 'Equatorial Guinea', 'GNQ', 5),
(145, 'Mauritius', 'MUS', 5),
(146, 'Eswatini', 'SWZ', 5),
(147, 'Djibouti', 'DJI', 5),
(148, 'Comoros', 'COM', 5),
(149, 'Cape Verde', 'CPV', 5),
(150, 'Seychelles', 'SYC', 5),
(151, 'Australia', 'AUS', 6),
(152, 'Papua New Guinea', 'PNG', 6),
(153, 'New Zealand', 'NZL', 6),
(154, 'Fiji', 'FJI', 6),
(155, 'Solomon Islands', 'SLB', 6),
(156, 'Vanuatu', 'VUT', 6),
(157, 'Samoa', 'WSM', 6),
(158, 'Micronesia', 'FSM', 6),
(159, 'Tonga', 'TON', 6),
(160, 'Kiribati', 'KIR', 6),
(161, 'Palau', 'PLW', 6),
(162, 'Marshall Islands', 'MHL', 6),
(163, 'Tuvalu', 'TUV', 6),
(164, 'Nauru', 'NRU', 6);

-- Insert test users with proper password hashing
INSERT INTO users (id, email, password_hash, first_name, last_name, date_of_birth, gender, is_verified, logged_in, login_count, created_at) VALUES
(1, 'test@example.com', '$2a$10$DXnCNhYCdAVaQGwUpk.RVOZd8BChZWjLbJT2KBQrXP4VNWvzCNLU2', 'John', 'Doe', '1990-01-15', 'MALE', true, false, 0, NOW()),
(2, 'jane.smith@example.com', '$2a$10$DXnCNhYCdAVaQGwUpk.RVOZd8BChZWjLbJT2KBQrXP4VNWvzCNLU2', 'Jane', 'Smith', '1985-05-20', 'FEMALE', true, false, 0, NOW()),
(3, 'mike.brown@example.com', '$2a$10$DXnCNhYCdAVaQGwUpk.RVOZd8BChZWjLbJT2KBQrXP4VNWvzCNLU2', 'Mike', 'Brown', '1992-08-10', 'MALE', true, false, 0, NOW()),
(4, 'alex.taylor@example.com', '$2a$10$DXnCNhYCdAVaQGwUpk.RVOZd8BChZWjLbJT2KBQrXP4VNWvzCNLU2', 'Alex', 'Taylor', '1988-03-22', 'MALE', true, false, 0, NOW());

-- Insert user citizenships
INSERT INTO user_citizenships (user_id, country_id) VALUES
(1, 1), -- John: USA
(1, 2), -- John: Canada  
(2, 30), -- Jane: UK
(2, 31), -- Jane: France
(3, 1), -- Mike: USA
(3, 32), -- Mike: Germany
(4, 1), -- Alex: USA
(4, 31); -- Alex: France

-- Insert user preferences
INSERT INTO preferences (id, user_id, accommodation_budget, transportation_budget, total_budget, primary_interest, primary_travel_style, preferred_climate, preferred_travel_season, preferred_accommodation, avg_travel_duration, transport_preference, data_sharing) VALUES
(1, 1, 1500, 800, 2300, 'ADVENTURE', 'ENTHUSIAST', 'TROPICAL', 'SUMMER', 'HOTEL', 10, 'FLIGHTS', true),
(2, 2, 2000, 1200, 3200, 'CULTURAL_EXPERIENCE', 'FREQUENT', 'MEDITERRANEAN', 'SPRING', 'AIRBNB', 7, 'FLIGHTS', true),
(3, 3, 1000, 600, 1600, 'RELAXATION', 'CASUAL', 'CONTINENTAL', 'AUTUMN', 'LODGE', 5, 'FLIGHTS', false),
(4, 4, 2500, 1000, 3500, 'CULTURAL_EXPERIENCE', 'FREQUENT', 'CONTINENTAL', 'SPRING', 'HOTEL', 8, 'FLIGHTS', true);

-- Insert destinations (24 major travel destinations)
INSERT INTO destinations (name, description, country_id, climate, image_url, travel_advisory, latitude, longitude) VALUES
('Amsterdam', 'Historic canals, world-class museums, and vibrant nightlife in the heart of Europe. Experience cycling culture, Anne Frank House, and unique architecture.', 36, 'CONTINENTAL', '/images/destinations/amsterdam/amsterdam.jpg', 'Exercise normal precautions', 52.3676, 4.9041),
('Athens', 'Ancient cradle of democracy with iconic ruins, Mediterranean cuisine, and rich cultural heritage. Explore the Acropolis, Parthenon, and vibrant neighborhoods.', 40, 'MEDITERRANEAN', '/images/destinations/athens/athens.jpg', 'Exercise normal precautions', 37.9838, 23.7275),
('Auckland', 'Adventure capital with stunning harbors, volcanic landscapes, and outdoor activities. Gateway to New Zealand''s natural wonders and Maori culture.', 153, 'CONTINENTAL', '/images/destinations/auckland/auckland.jpg', 'Exercise normal precautions', -36.8485, 174.7633),
('Bali', 'Tropical paradise with ancient temples, lush rice terraces, and pristine beaches. Perfect blend of culture, spirituality, and natural beauty.', 66, 'TROPICAL', '/images/destinations/bali/bali.jpg', 'Exercise increased caution', -8.3405, 115.0920),
('Bangkok', 'Bustling metropolis with golden temples, street food culture, and vibrant markets. Experience traditional Thai culture amidst modern city life.', 69, 'TROPICAL', '/images/destinations/bangkok/bangkok.jpg', 'Exercise increased caution', 13.7563, 100.5018),
('Barcelona', 'Architectural marvel with Gaudí masterpieces, Mediterranean beaches, and passionate culture. Art, food, and football in Catalonia''s capital.', 34, 'MEDITERRANEAN', '/images/destinations/barcelona/barcelona.jpg', 'Exercise normal precautions', 41.3851, 2.1734),
('Berlin', 'Historic city with fascinating museums, vibrant arts scene, and rich history. Experience the remnants of the Cold War and modern German culture.', 32, 'CONTINENTAL', '/images/destinations/berlin/berlin.jpg', 'Exercise normal precautions', 52.5200, 13.4050),
('Cancun', 'Caribbean paradise with pristine beaches, ancient Mayan ruins, and vibrant nightlife. Perfect for beach lovers and history enthusiasts.', 3, 'TROPICAL', '/images/destinations/cancun/cancun.jpg', 'Exercise increased caution', 21.1619, -86.8515),
('Cape Town', 'Dramatic landscapes with Table Mountain, wine regions, and stunning coastlines. Rich history, diverse culture, and wildlife experiences.', 104, 'MEDITERRANEAN', '/images/destinations/capetown/capetown.jpg', 'Exercise increased caution', -33.9249, 18.4241),
('Dubai', 'Futuristic city with luxury shopping, modern architecture, and desert adventures. Experience traditional souks alongside world-class attractions.', 88, 'ARID', '/images/destinations/dubai/dubai.jpg', 'Exercise normal precautions', 25.2048, 55.2708),
('Edinburgh', 'Medieval charm with historic castle, festivals, and Scottish culture. Explore cobblestone streets, whisky culture, and stunning architecture.', 30, 'CONTINENTAL', '/images/destinations/edinburgh/edinburgh.jpg', 'Exercise normal precautions', 55.9533, -3.1883),
('Honolulu', 'Pacific paradise with pristine beaches, volcanic landscapes, and Polynesian culture. Perfect for surfing, hiking, and tropical relaxation.', 1, 'TROPICAL', '/images/destinations/honolulu/honolulu.jpg', 'Exercise normal precautions', 21.3099, -157.8581),
('Istanbul', 'Where East meets West with Byzantine history, Ottoman architecture, and vibrant bazaars. Experience the cultural bridge between Europe and Asia.', 80, 'MEDITERRANEAN', '/images/destinations/istanbul/istanbul.jpg', 'Exercise increased caution', 41.0082, 28.9784),
('Kyoto', 'Ancient capital with thousands of temples, traditional gardens, and preserved districts. Experience authentic Japanese culture, geishas, and seasonal beauty.', 64, 'CONTINENTAL', '/images/destinations/kyoto/kyoto.jpg', 'Exercise normal precautions', 35.0116, 135.7681),
('London', 'Global metropolis with royal palaces, world-class museums, and iconic landmarks. Rich history, diverse culture, and British traditions.', 30, 'CONTINENTAL', '/images/destinations/london/london.jpg', 'Exercise normal precautions', 51.5074, -0.1278),
('Los Angeles', 'Entertainment capital with Hollywood glamour, beautiful beaches, and year-round sunshine. Celebrity culture, theme parks, and coastal lifestyle.', 1, 'MEDITERRANEAN', '/images/destinations/losangeles/losangeles.jpg', 'Exercise normal precautions', 34.0522, -118.2437),
('Marrakech', 'Imperial city with vibrant souks, stunning palaces, and Saharan gateway. Experience Moroccan hospitality, spices, and traditional crafts.', 109, 'ARID', '/images/destinations/marrakech/marrakech.jpg', 'Exercise increased caution', 31.6295, -7.9811),
('New York City', 'The city that never sleeps with iconic skyline, Broadway shows, and diverse neighborhoods. Cultural melting pot with world-class dining and arts.', 1, 'CONTINENTAL', '/images/destinations/nyc/nyc.jpg', 'Exercise normal precautions', 40.7128, -74.0060),
('Paris', 'City of Light with romantic ambiance, world-famous museums, and exquisite cuisine. Fashion, art, and culture in the heart of France.', 31, 'CONTINENTAL', '/images/destinations/paris/paris.jpg', 'Exercise normal precautions', 48.8566, 2.3522),
('Rome', 'Eternal City with ancient ruins, Renaissance art, and incredible cuisine. Walk through history from the Colosseum to Vatican City.', 33, 'MEDITERRANEAN', '/images/destinations/rome/rome.jpg', 'Exercise normal precautions', 41.9028, 12.4964),
('Santorini', 'Cycladic paradise with white-washed buildings, stunning sunsets, and volcanic landscapes. Romantic getaway with wine culture and Aegean beauty.', 40, 'MEDITERRANEAN', '/images/destinations/santorini/santorini.jpg', 'Exercise normal precautions', 36.3932, 25.4615),
('Sydney', 'Harbor city with iconic opera house, beautiful beaches, and laid-back lifestyle. Gateway to Australia with outdoor adventures and cosmopolitan culture.', 151, 'MEDITERRANEAN', '/images/destinations/sydney/sydney.jpg', 'Exercise normal precautions', -33.8688, 151.2093),
('Tokyo', 'Ultra-modern metropolis with ancient traditions, incredible cuisine, and cutting-edge technology. Experience the contrast of old and new Japan.', 64, 'CONTINENTAL', '/images/destinations/tokyo/tokyo.jpg', 'Exercise normal precautions', 35.6762, 139.6503),
('Venice', 'Floating city with romantic canals, stunning architecture, and artistic heritage. Unique maritime culture with gondolas, masks, and Italian elegance.', 33, 'MEDITERRANEAN', '/images/destinations/venice/venice.jpg', 'Exercise normal precautions', 45.4408, 12.3155);